name,extraction_time,dfa_extract_states,dfa_extract_final,dist_rnn_vs_inter,dist_rnn_vs_extr,dist_inter_vs_extr
7,41.2,7,3,4.339506609039343e-06,4.339506609039343e-06,0.0
9,9.72e+03,528,449,0.00017391407256226905,5.741501051959746e-05,0.0001745816889636597
2,1.09e+04,506,415,0.00013719517048578231,0.0004005698408344009,0.00031811921526265336
3,1.43e+04,510,235,0.00034515767951897545,0.0006979929476539435,0.0006632768947816289
5,1.26e+04,533,144,9.947484380720956e-05,0.00015154892311568168,6.342355813211348e-05
6,1.94e+04,516,135,0.00021330344024431849,0.0007630855467895337,0.000590506707030046
